Position,Company,Location,URL
2023년 하반기 고졸(수신텔러  IT) 공개의 전체 세부 정보,한국투자저축은행,성남 분당구,https://kr.indeed.com/rc/clk?jk=b3644337e42e4495&fccid=f297637fc7942547&vjs=3
AJOU KIURI Bio-AI 센터 학생연구원의 전체 세부 정보,아주대학교,수원 영통구,https://kr.indeed.com/rc/clk?jk=7f517b7b1b8d1bd5&fccid=3b1e77596c7c0ec1&vjs=3
2023년 하반기 대졸 연계형 인턴사원 공개의 전체 세부 정보,한국투자저축은행,성남 분당구,https://kr.indeed.com/rc/clk?jk=29595a35ee83c87c&fccid=f297637fc7942547&vjs=3
Business Intelligence Analyst  Seoul  Korea의 전체 세부 정보,Tesla,서울 강남구,https://kr.indeed.com/rc/clk?jk=4b3dfd13c88992b8&fccid=86e9be6ce380173e&vjs=3
Student Researcher  2023의 전체 세부 정보,Google,서울,https://kr.indeed.com/rc/clk?jk=f438fdb09a101e51&fccid=a5b4499d9e91a5c6&vjs=3
[선행기술원] AI Data Scientist[책임연구원]의 전체 세부 정보,현대자동차그룹,성남 판교역,https://kr.indeed.com/rc/clk?jk=227799b436907962&fccid=980d6ecc399a3373&vjs=3
ML Research Intern의 전체 세부 정보,알레시오,서울 강남구,https://kr.indeed.com/rc/clk?jk=2e93c05adcc20c04&fccid=f7e4f8dfc4e25485&vjs=3
전문연구요원 (병역특례) 수시 (AI / SW 분야)의 전체 세부 정보,딥엑스,성남 분당구,https://kr.indeed.com/rc/clk?jk=d83fc0dd2641f483&fccid=e34932b8232a173b&vjs=3
Applications Engineer digital IC FPGA design RTL EDA Remote의 전체 세부 정보,Siemens Digital Industries Software,경기도 성남,https://kr.indeed.com/rc/clk?jk=ae0ef1ac56e2be5b&fccid=a1b70704c350f800&vjs=3
[ICT] Data Scientist- 비전 및 3D 분석[매니저  책임매니저]의 전체 세부 정보,현대자동차그룹,대한민국,https://kr.indeed.com/rc/clk?jk=456e8e6d9aae68b3&fccid=980d6ecc399a3373&vjs=3
[인텔리전스랩스] 탐지응용팀 백엔드 개발자 (Python/Go)의 전체 세부 정보,Nexon,경기도 성남,https://kr.indeed.com/rc/clk?jk=4ce79aa71969b913&fccid=aba87288e4cc3687&vjs=3
백엔드 엔지니어 (Python) 정규직의 전체 세부 정보,데이터비,서울 마포구,https://kr.indeed.com/rc/clk?jk=79d696388d32d3ff&fccid=dd6f5fd8e8c02e7e&vjs=3
OpenCV/MATLAB/TensorFlow/Python/C/C++/Linux 알고리즘 엔지니어의 전체 세부 정보,더마미러,서울 서초구,https://kr.indeed.com/rc/clk?jk=916ea9a1b1bd0beb&fccid=f401a9b533c97602&vjs=3
딥러닝 AI 개발 연구원의 전체 세부 정보,베이리스,성남 수정구,https://kr.indeed.com/rc/clk?jk=87309d3ff40ead61&fccid=ce871e9e4a9f430a&vjs=3
[디지털일자리매칭플랫폼] (주)아이와즈 산업기능요원(보충역) - 소프트웨어 개발 분야의 전체 세부 정보,아이와즈,대전,https://kr.indeed.com/rc/clk?jk=4d9e7fcc95034692&fccid=cf4abdb4fa3170ec&vjs=3
2023년 하반기 고졸(수신텔러  IT) 공개의 전체 세부 정보,한국투자저축은행,성남 분당구,https://kr.indeed.com/rc/clk?jk=b3644337e42e4495&fccid=f297637fc7942547&vjs=3
AJOU KIURI Bio-AI 센터 학생연구원의 전체 세부 정보,아주대학교,수원 영통구,https://kr.indeed.com/rc/clk?jk=7f517b7b1b8d1bd5&fccid=3b1e77596c7c0ec1&vjs=3
2023년 하반기 대졸 연계형 인턴사원 공개의 전체 세부 정보,한국투자저축은행,성남 분당구,https://kr.indeed.com/rc/clk?jk=29595a35ee83c87c&fccid=f297637fc7942547&vjs=3
Business Intelligence Analyst  Seoul  Korea의 전체 세부 정보,Tesla,서울 강남구,https://kr.indeed.com/rc/clk?jk=4b3dfd13c88992b8&fccid=86e9be6ce380173e&vjs=3
Student Researcher  2023의 전체 세부 정보,Google,서울,https://kr.indeed.com/rc/clk?jk=f438fdb09a101e51&fccid=a5b4499d9e91a5c6&vjs=3
[선행기술원] AI Data Scientist[책임연구원]의 전체 세부 정보,현대자동차그룹,성남 판교역,https://kr.indeed.com/rc/clk?jk=227799b436907962&fccid=980d6ecc399a3373&vjs=3
ML Research Intern의 전체 세부 정보,알레시오,서울 강남구,https://kr.indeed.com/rc/clk?jk=2e93c05adcc20c04&fccid=f7e4f8dfc4e25485&vjs=3
전문연구요원 (병역특례) 수시 (AI / SW 분야)의 전체 세부 정보,딥엑스,성남 분당구,https://kr.indeed.com/rc/clk?jk=d83fc0dd2641f483&fccid=e34932b8232a173b&vjs=3
Applications Engineer digital IC FPGA design RTL EDA Remote의 전체 세부 정보,Siemens Digital Industries Software,경기도 성남,https://kr.indeed.com/rc/clk?jk=ae0ef1ac56e2be5b&fccid=a1b70704c350f800&vjs=3
[ICT] Data Scientist- 비전 및 3D 분석[매니저  책임매니저]의 전체 세부 정보,현대자동차그룹,대한민국,https://kr.indeed.com/rc/clk?jk=456e8e6d9aae68b3&fccid=980d6ecc399a3373&vjs=3
[인텔리전스랩스] 탐지응용팀 백엔드 개발자 (Python/Go)의 전체 세부 정보,Nexon,경기도 성남,https://kr.indeed.com/rc/clk?jk=4ce79aa71969b913&fccid=aba87288e4cc3687&vjs=3
백엔드 엔지니어 (Python) 정규직의 전체 세부 정보,데이터비,서울 마포구,https://kr.indeed.com/rc/clk?jk=79d696388d32d3ff&fccid=dd6f5fd8e8c02e7e&vjs=3
OpenCV/MATLAB/TensorFlow/Python/C/C++/Linux 알고리즘 엔지니어의 전체 세부 정보,더마미러,서울 서초구,https://kr.indeed.com/rc/clk?jk=916ea9a1b1bd0beb&fccid=f401a9b533c97602&vjs=3
딥러닝 AI 개발 연구원의 전체 세부 정보,베이리스,성남 수정구,https://kr.indeed.com/rc/clk?jk=87309d3ff40ead61&fccid=ce871e9e4a9f430a&vjs=3
[디지털일자리매칭플랫폼] (주)아이와즈 산업기능요원(보충역) - 소프트웨어 개발 분야의 전체 세부 정보,아이와즈,대전,https://kr.indeed.com/rc/clk?jk=4d9e7fcc95034692&fccid=cf4abdb4fa3170ec&vjs=3
2023년 하반기 고졸(수신텔러  IT) 공개의 전체 세부 정보,한국투자저축은행,성남 분당구,https://kr.indeed.com/rc/clk?jk=b3644337e42e4495&fccid=f297637fc7942547&vjs=3
AJOU KIURI Bio-AI 센터 학생연구원의 전체 세부 정보,아주대학교,수원 영통구,https://kr.indeed.com/rc/clk?jk=7f517b7b1b8d1bd5&fccid=3b1e77596c7c0ec1&vjs=3
2023년 하반기 대졸 연계형 인턴사원 공개의 전체 세부 정보,한국투자저축은행,성남 분당구,https://kr.indeed.com/rc/clk?jk=29595a35ee83c87c&fccid=f297637fc7942547&vjs=3
Business Intelligence Analyst  Seoul  Korea의 전체 세부 정보,Tesla,서울 강남구,https://kr.indeed.com/rc/clk?jk=4b3dfd13c88992b8&fccid=86e9be6ce380173e&vjs=3
Student Researcher  2023의 전체 세부 정보,Google,서울,https://kr.indeed.com/rc/clk?jk=f438fdb09a101e51&fccid=a5b4499d9e91a5c6&vjs=3
[선행기술원] AI Data Scientist[책임연구원]의 전체 세부 정보,현대자동차그룹,성남 판교역,https://kr.indeed.com/rc/clk?jk=227799b436907962&fccid=980d6ecc399a3373&vjs=3
ML Research Intern의 전체 세부 정보,알레시오,서울 강남구,https://kr.indeed.com/rc/clk?jk=2e93c05adcc20c04&fccid=f7e4f8dfc4e25485&vjs=3
전문연구요원 (병역특례) 수시 (AI / SW 분야)의 전체 세부 정보,딥엑스,성남 분당구,https://kr.indeed.com/rc/clk?jk=d83fc0dd2641f483&fccid=e34932b8232a173b&vjs=3
Applications Engineer digital IC FPGA design RTL EDA Remote의 전체 세부 정보,Siemens Digital Industries Software,경기도 성남,https://kr.indeed.com/rc/clk?jk=ae0ef1ac56e2be5b&fccid=a1b70704c350f800&vjs=3
[ICT] Data Scientist- 비전 및 3D 분석[매니저  책임매니저]의 전체 세부 정보,현대자동차그룹,대한민국,https://kr.indeed.com/rc/clk?jk=456e8e6d9aae68b3&fccid=980d6ecc399a3373&vjs=3
[인텔리전스랩스] 탐지응용팀 백엔드 개발자 (Python/Go)의 전체 세부 정보,Nexon,경기도 성남,https://kr.indeed.com/rc/clk?jk=4ce79aa71969b913&fccid=aba87288e4cc3687&vjs=3
백엔드 엔지니어 (Python) 정규직의 전체 세부 정보,데이터비,서울 마포구,https://kr.indeed.com/rc/clk?jk=79d696388d32d3ff&fccid=dd6f5fd8e8c02e7e&vjs=3
OpenCV/MATLAB/TensorFlow/Python/C/C++/Linux 알고리즘 엔지니어의 전체 세부 정보,더마미러,서울 서초구,https://kr.indeed.com/rc/clk?jk=916ea9a1b1bd0beb&fccid=f401a9b533c97602&vjs=3
딥러닝 AI 개발 연구원의 전체 세부 정보,베이리스,성남 수정구,https://kr.indeed.com/rc/clk?jk=87309d3ff40ead61&fccid=ce871e9e4a9f430a&vjs=3
[디지털일자리매칭플랫폼] (주)아이와즈 산업기능요원(보충역) - 소프트웨어 개발 분야의 전체 세부 정보,아이와즈,대전,https://kr.indeed.com/rc/clk?jk=4d9e7fcc95034692&fccid=cf4abdb4fa3170ec&vjs=3
2023년 하반기 고졸(수신텔러  IT) 공개의 전체 세부 정보,한국투자저축은행,성남 분당구,https://kr.indeed.com/rc/clk?jk=b3644337e42e4495&fccid=f297637fc7942547&vjs=3
AJOU KIURI Bio-AI 센터 학생연구원의 전체 세부 정보,아주대학교,수원 영통구,https://kr.indeed.com/rc/clk?jk=7f517b7b1b8d1bd5&fccid=3b1e77596c7c0ec1&vjs=3
2023년 하반기 대졸 연계형 인턴사원 공개의 전체 세부 정보,한국투자저축은행,성남 분당구,https://kr.indeed.com/rc/clk?jk=29595a35ee83c87c&fccid=f297637fc7942547&vjs=3
Business Intelligence Analyst  Seoul  Korea의 전체 세부 정보,Tesla,서울 강남구,https://kr.indeed.com/rc/clk?jk=4b3dfd13c88992b8&fccid=86e9be6ce380173e&vjs=3
Student Researcher  2023의 전체 세부 정보,Google,서울,https://kr.indeed.com/rc/clk?jk=f438fdb09a101e51&fccid=a5b4499d9e91a5c6&vjs=3
[선행기술원] AI Data Scientist[책임연구원]의 전체 세부 정보,현대자동차그룹,성남 판교역,https://kr.indeed.com/rc/clk?jk=227799b436907962&fccid=980d6ecc399a3373&vjs=3
ML Research Intern의 전체 세부 정보,알레시오,서울 강남구,https://kr.indeed.com/rc/clk?jk=2e93c05adcc20c04&fccid=f7e4f8dfc4e25485&vjs=3
전문연구요원 (병역특례) 수시 (AI / SW 분야)의 전체 세부 정보,딥엑스,성남 분당구,https://kr.indeed.com/rc/clk?jk=d83fc0dd2641f483&fccid=e34932b8232a173b&vjs=3
Applications Engineer digital IC FPGA design RTL EDA Remote의 전체 세부 정보,Siemens Digital Industries Software,경기도 성남,https://kr.indeed.com/rc/clk?jk=ae0ef1ac56e2be5b&fccid=a1b70704c350f800&vjs=3
[ICT] Data Scientist- 비전 및 3D 분석[매니저  책임매니저]의 전체 세부 정보,현대자동차그룹,대한민국,https://kr.indeed.com/rc/clk?jk=456e8e6d9aae68b3&fccid=980d6ecc399a3373&vjs=3
[인텔리전스랩스] 탐지응용팀 백엔드 개발자 (Python/Go)의 전체 세부 정보,Nexon,경기도 성남,https://kr.indeed.com/rc/clk?jk=4ce79aa71969b913&fccid=aba87288e4cc3687&vjs=3
백엔드 엔지니어 (Python) 정규직의 전체 세부 정보,데이터비,서울 마포구,https://kr.indeed.com/rc/clk?jk=79d696388d32d3ff&fccid=dd6f5fd8e8c02e7e&vjs=3
OpenCV/MATLAB/TensorFlow/Python/C/C++/Linux 알고리즘 엔지니어의 전체 세부 정보,더마미러,서울 서초구,https://kr.indeed.com/rc/clk?jk=916ea9a1b1bd0beb&fccid=f401a9b533c97602&vjs=3
딥러닝 AI 개발 연구원의 전체 세부 정보,베이리스,성남 수정구,https://kr.indeed.com/rc/clk?jk=87309d3ff40ead61&fccid=ce871e9e4a9f430a&vjs=3
[디지털일자리매칭플랫폼] (주)아이와즈 산업기능요원(보충역) - 소프트웨어 개발 분야의 전체 세부 정보,아이와즈,대전,https://kr.indeed.com/rc/clk?jk=4d9e7fcc95034692&fccid=cf4abdb4fa3170ec&vjs=3
2023년 하반기 고졸(수신텔러  IT) 공개의 전체 세부 정보,한국투자저축은행,성남 분당구,https://kr.indeed.com/rc/clk?jk=b3644337e42e4495&fccid=f297637fc7942547&vjs=3
AJOU KIURI Bio-AI 센터 학생연구원의 전체 세부 정보,아주대학교,수원 영통구,https://kr.indeed.com/rc/clk?jk=7f517b7b1b8d1bd5&fccid=3b1e77596c7c0ec1&vjs=3
2023년 하반기 대졸 연계형 인턴사원 공개의 전체 세부 정보,한국투자저축은행,성남 분당구,https://kr.indeed.com/rc/clk?jk=29595a35ee83c87c&fccid=f297637fc7942547&vjs=3
Business Intelligence Analyst  Seoul  Korea의 전체 세부 정보,Tesla,서울 강남구,https://kr.indeed.com/rc/clk?jk=4b3dfd13c88992b8&fccid=86e9be6ce380173e&vjs=3
Student Researcher  2023의 전체 세부 정보,Google,서울,https://kr.indeed.com/rc/clk?jk=f438fdb09a101e51&fccid=a5b4499d9e91a5c6&vjs=3
[선행기술원] AI Data Scientist[책임연구원]의 전체 세부 정보,현대자동차그룹,성남 판교역,https://kr.indeed.com/rc/clk?jk=227799b436907962&fccid=980d6ecc399a3373&vjs=3
ML Research Intern의 전체 세부 정보,알레시오,서울 강남구,https://kr.indeed.com/rc/clk?jk=2e93c05adcc20c04&fccid=f7e4f8dfc4e25485&vjs=3
전문연구요원 (병역특례) 수시 (AI / SW 분야)의 전체 세부 정보,딥엑스,성남 분당구,https://kr.indeed.com/rc/clk?jk=d83fc0dd2641f483&fccid=e34932b8232a173b&vjs=3
Applications Engineer digital IC FPGA design RTL EDA Remote의 전체 세부 정보,Siemens Digital Industries Software,경기도 성남,https://kr.indeed.com/rc/clk?jk=ae0ef1ac56e2be5b&fccid=a1b70704c350f800&vjs=3
[ICT] Data Scientist- 비전 및 3D 분석[매니저  책임매니저]의 전체 세부 정보,현대자동차그룹,대한민국,https://kr.indeed.com/rc/clk?jk=456e8e6d9aae68b3&fccid=980d6ecc399a3373&vjs=3
[인텔리전스랩스] 탐지응용팀 백엔드 개발자 (Python/Go)의 전체 세부 정보,Nexon,경기도 성남,https://kr.indeed.com/rc/clk?jk=4ce79aa71969b913&fccid=aba87288e4cc3687&vjs=3
백엔드 엔지니어 (Python) 정규직의 전체 세부 정보,데이터비,서울 마포구,https://kr.indeed.com/rc/clk?jk=79d696388d32d3ff&fccid=dd6f5fd8e8c02e7e&vjs=3
OpenCV/MATLAB/TensorFlow/Python/C/C++/Linux 알고리즘 엔지니어의 전체 세부 정보,더마미러,서울 서초구,https://kr.indeed.com/rc/clk?jk=916ea9a1b1bd0beb&fccid=f401a9b533c97602&vjs=3
딥러닝 AI 개발 연구원의 전체 세부 정보,베이리스,성남 수정구,https://kr.indeed.com/rc/clk?jk=87309d3ff40ead61&fccid=ce871e9e4a9f430a&vjs=3
[디지털일자리매칭플랫폼] (주)아이와즈 산업기능요원(보충역) - 소프트웨어 개발 분야의 전체 세부 정보,아이와즈,대전,https://kr.indeed.com/rc/clk?jk=4d9e7fcc95034692&fccid=cf4abdb4fa3170ec&vjs=3
Senior Open Source Developer & DevOps (Python  Django  React  AWS/OpenStack),OpenCraft,Anywhere in the World,https://remoteok.com/remote-jobs/opencraft-senior-open-source-developer-devops-python-django-react-aws-openstack
Full-stack Python Developer ,Lemon.io,Latin America Only/Europe Only/UK Only/Canada Only,https://remoteok.com/remote-jobs/lemon-io-full-stack-python-developer-1
Lead Full-Stack Software Engineer - Python / Django,InfoBeans Inc.,USA Only,https://remoteok.com/remote-jobs/infobeans-inc-lead-full-stack-software-engineer-python-django
Senior Backend Python Engineer: Long-term job - 100% remote,Proxify AB,Latin America Only/Europe Only/EMEA Only,https://remoteok.com/remote-jobs/proxify-ab-senior-backend-python-engineer-long-term-job-100-remote
Senior/Staff Software Engineer - Backend/Python - USA (100% Remote),Close,USA Only,https://remoteok.com/remote-jobs/close-senior-staff-software-engineer-backend-python-usa-100-remote
